Nama Pengguna,Produk,Rating,Ulasan,Tanggal
Rahayu,Maspion Mikado Panci Summer DH Tutup Alumunium - Dutch Oven Alumunium,bintang 4,"berharap merah datang pink, but it's ok",5 hari lalu
A***i,Maspion Beta Organiser Case - Tempat Alat Tulis Kantor,bintang 5,"warna abu‚Äù‚Ä¶di foto warna kream‚Ä¶
barang sesuai deskripsi‚Ä¶pengiriman cepat..üëçüèª",5 hari lalu
A***e,Maspion Wajan 40 cm with Tempura Rack - Penggorengan Stainless Steel,bintang 3,ok,1 minggu lalu
Adi,Maspion Tower Fan TF-04 S,bintang 5,cakepp... berfungsi dengan baik...,1 minggu lalu
J***y,Maspion Stand Fan 16 Inch F - 412 S,bintang 5,ok,1 minggu lalu
I***N,Maspion Setrika EX-1010 Blackberry (Hitam),bintang 5,"barangnya original ada garansi juga, mudah digunakan pengiriman aman.",1 minggu lalu
Tessa,Maspion Kompor Gas MKG 201 SSHF (STAINLESS STEEL HYPER FLAME),bintang 5,sudah pasti original,1 minggu lalu
H***i,Maspion Desk Fan 12 Inch EF-30 P2,bintang 5,bagus adem,1 minggu lalu
H***i,Maspion Blender + Mill Dry + Wet Mill MT-1263GL,bintang 5,"mantep, bahan nya tebel",1 minggu lalu
Pandu,Maspion Setrika EX-1010 Blackberry (Hitam),bintang 3,indikator lampunya ga bisa dipasang krn pengaitnya pecah satu. yah ada harga ada kualitas,1 minggu lalu
K***i,Maspion Setrika HA 370,bintang 5,barang nya ok cmn packing nya kurang,1 minggu lalu
R***e,MASPION MAGIC COM RICE COOKER MRJ 0623 BSSS (0.6L),bintang 5,"Harga bersaing
kwalitas tak tersaingi",1 minggu lalu
Rogo,Maspion Setrika EX-1010 Blackberry (Hitam),bintang 5,"Barang tidak mengecewakan,luar biasa",1 minggu lalu
F***a,Maspion Desk Fan 6 Inch HF-606,bintang 4,"Ternyata kipas nya kecil banget di kirain besar tapi lumayan kenceng ,hanya ada 1 kali pencet annya dan tdk bisa diatur besar kecilnya putaran kipas,smoga awet",1 minggu lalu
E***i,Maspion Logam Jawa Panci Fitri  - Saucepan Alumunium,bintang 5,Material Produk Bagus Ukuran Produk Sesuai Produk Original Kualitas Produk Bagus,1 minggu lalu
Piki,Maspion UCHIDA Dispenser EX-18 PAS (Putih-Biru),bintang 5,"pengirman cepat,barang sesuai,kualitas bagus dan harga juga murah..  mantaaaappp
panas nya mantaaappp sampai 95¬∞C",1 minggu lalu
Verawati,Maspion Wajan 40 cm with Tempura Rack - Penggorengan Stainless Steel,bintang 5,langsung di pakai ga pake lengket,1 minggu lalu
Verawati,Maspion Panda Aster Wok 30 Cm + Tempura - Wajan Stainless Steel,bintang 5,langsung di pakai ga pake lengket,1 minggu lalu
Endang,Maspion Kompor Listrik S - 302,bintang 5,sesuai pesanan,1 minggu lalu
Muhammad,Maspion Stand Fan 16 Inch F - 412 S,bintang 5,Joss tenan,1 minggu lalu
mochammad,MASPION AUTOMATIC IRON SETRIKA HA-390,bintang 5,"barang sudah sampai dengan selamat,blm saya coba mudah2an bekerja dengan smestinya dan awetüôè",1 minggu lalu
a***g,Maspion Cooling Fan CF-204,bintang 5,"paket sesuai..garansi resmi..bahan kokoh,solid,berat...sudah ada kabelnya/tinggal colok listrik&mutar normal.",2 minggu lalu
Jaja,Maspion Kotak serba guna kotak Perkakas - multi purpose Toolbox 2315,bintang 5,barang bagus sesuai dengan keinginan,2 minggu lalu
A***a,Maspion Dusbin Pedal - Tempat Sampah Stainless Steel,bintang 5,Recomended,2 minggu lalu
d***i,Maspion Panci Kukusan Kenyo Kitty Colan 18 cm Aluminium,bintang 5,"Kwualitas product bgs,Ada penyok dibgn bwh panci tp tdk mengurangi fungsix",2 minggu lalu
l***i,Maspion Rice Com MRJ-0623 GRBF,bintang 5,"Packing baik, bergaransi. Baru dicoba sekali. Hasil lumayan, ga gosong cuma agak kering di bawah. Penghangat aman.",2 minggu lalu
Mochammad,"Maspion Wall Fan 16"" MWF-41K",bintang 5,responsif...,2 minggu lalu
wowmyustore,Maspion Mikado Areum Wok 20 cm - Wajan Alumunium,bintang 5,bagus bisa buat numis2 ga lengket,2 minggu lalu
wowmyustore,Maspion Maslon Frypan Set Fancy 18/23 cm NonStick - Wajan Anti Lengket,bintang 2,"wajannya lengket, gampang gosong jadinya cepet ngeletek",2 minggu lalu
D***n,Maspion Saucepan Hello Panda 18 cm with Glass Cover - Panci Enamel,bintang 5,Material Produk Bagus,2 minggu lalu
Sela,Maspion Setrika EX-1010 Blackberry (Hitam),bintang 5,Oke cepet jg sampenya,2 minggu lalu
N***a,Maspion Wall Cabinet /Rak Kaca Kamar Mandi MC 05,bintang 5,Rumah Rapi dan Nyaman Material Produk Bagus Rekomen üëçüèª Produk Sesuai,2 minggu lalu
d***e,Maspion Tatakan Tabung Gas Elpiji Serbaguna Plus Tali,bintang 5,"bagus kuat berfungsi dg baik, rekomendasi",2 minggu lalu
d***e,Maspion Blender MT-1213,bintang 4,"beli tipe ini 10 tahun yll masih bagus smp sekarang, hanya karetnya yang harus diganti. 

semoga yg ini kualitasnya masih sama",2 minggu lalu
d***e,Maspion Alas Baca Al Quran/Alas Buku - Stand Book,bintang 2,"biasa, 
dikira akan sebagus  produk maspion lainn seperti biasanya.",2 minggu lalu
F***l,Maspion Tatakan Setrika Plastik,bintang 1,Jelek bgt kualitasnya bisa pecah gitu..padahal beli di official store,2 minggu lalu
ima,Maspion Rice Com MRJ-0622 RDJM,bintang 5,"barang sudah d terima,sudah d coba juga semoga awet",2 minggu lalu
suntoro,Maspion Tatakan Tabung Gas Elpiji Serbaguna Plus Tali,bintang 5,bagus kerennn,2 minggu lalu
M***i,Maspion Setrika HA - 110,bintang 1,Barang tidak sampe..Kurir J&T,2 minggu lalu
Bobby,"Maspion Teko Jazzy 2,5 liter - Alumunium Anodize Whistle Kettle",bintang 5,"Rekommended seller, respon cepat, packing rapih, dan barang sesuai deskripsi....",2 minggu lalu
Hendri,Maspion Maslon Frypan Set Fancy 18/23 cm NonStick - Wajan Anti Lengket,bintang 5,"pengiriman cepet, aman, wajan cukup oke",2 minggu lalu
N***u,Maspion Setrika HA - 110,bintang 5,"ada sedikit cacat di bagian moncongnya, apakah. bis di retur ulang",3 minggu lalu
R***h,Maspion Setrika HA-365 Hijab Series,bintang 4,"ceramic coating nya pada bagian ujung terkelupas... 
ya untungnya diskon...",3 minggu lalu
B***Y,"Maspion Desk Fan 10"" PW-1001D",bintang 5,"Alhamdulillah, paket sudah diterima dengan baik terimakasih.",3 minggu lalu
Triwibowo,Maspion Exhaust Fan MV-300 NEX,bintang 5,sesuai diskripsi & pengiriman cepat,3 minggu lalu
A***l,Maspion Food Chopper MFC-201AP,bintang 5,"Kompliyt, sesuai semua. semoga awet ü§≤üèº",3 minggu lalu
Maya,Maspion Maslon Saucepan Ebonit Handle Tutup Kaca - Panci Anti Lengket,bintang 5,good,3 minggu lalu
A***d,Maspion Setrika HA-365 Hijab Series,bintang 5,"Setrika nya bagus,berfungsi dgn baik, pengirimam nya cpt sekali.. packing aman..
semoga bisa tahan lama,gk cpt rusak..",3 minggu lalu
Kinanthi,Maspion Stand Fan 16 Inch F - 412 S,bintang 5,"Karena masih baru, pipa tiangnya susah ditarik, kalo nanti pada beli, tariknya pake tang ya :)",3 minggu lalu
Cicih,Maspion Plastik Rak Pengering Piring - Steady Dish Drainer,bintang 5,sangat bagus kualitasnya ok sesuai,3 minggu lalu
Sandy,Maspion Stand Fan 16 Inch F - 412 S,bintang 5,"barang bagus, ada kartu garansi, pasang sendiri mudah, hanya pas datang kemasannya sdh tdk beraturan mungkin di ekspedisinya, overall barang bagus dan sdh langsung dipaka... ",3 minggu lalu
Kosdawi,Maspion Baskom Plastik - Chef Bowl Set Isi 3 pcs,bintang 5,"Kiriman sudah diterima, sesuai dengan diskripsi. Terima kasih",3 minggu lalu
A***d,Maspion Maslon Frypan Set Fancy 18/23 cm NonStick - Wajan Anti Lengket,bintang 5,Bangga produk lokal,3 minggu lalu
wahyudi,Maspion Desk Fan 12 Inch EF-30 P2,bintang 5,jos,3 minggu lalu
P***a,Maspion Jet Pump MJP-241MA,bintang 5,"Suara tidak berisik tapi semburan kencang, jadi irit listrik karena cuma nyala bentar tapi tandon air udah cepat penuh. Packaging aman dan bagus.",3 minggu lalu
P***a,Maspion Box Fan 12 Inch JF-2101 T,bintang 5,"Tipe kipas legendaris yang masih ada timer nya, terkenal bandel dan tahan lama. Irit tempat dan portabel.",3 minggu lalu
Ade,Maspion Setrika HA-365 Hijab Series,bintang 5,Barang sudah sampai dengan sangat cepat. Pesanan sesuai dengan yang digambar. Tks,4 minggu lalu
Ade,Maspion Tatakan Setrika Plastik,bintang 5,Barang sudah sampai dengan sangat cepat. Pesanan sesuai dengan yang digambar. Tks,4 minggu lalu
budiman,Maspion Maslon Frypan Set Fancy 18/23 cm NonStick - Wajan Anti Lengket,bintang 5,"sudah dioakai masak, anti lengket beneran....",4 minggu lalu
budiman,Maspion Mikado Nisuka Set - Alat masak Set Alumunium,bintang 5,"jadiah utk org lain, seneng betul dianya",4 minggu lalu
Hendri,Maspion Rigoletto Anodize Whistling Kettle - Teko Alumunium,bintang 5,"Oke ini ceret, bunyi cukup keras, pengiriman aman dan cepet, harga reasonable",4 minggu lalu
E***a,Maspion Desk Fan 12 Inch EF-30 P2,bintang 5,"good, barang asli",1 bulan lalu
eko,Maspion Box Kontainer Small - Favourite Box Container S,bintang 5,bagus..barang sesuai pesanan,1 bulan lalu
primaxistore,Maspion Box Fan 14 Inch JF-1403,bintang 5,"Barang original, mudah dioperasikan, bergaransi, tapi harus sabar ya... pengiriman lama, bolak-balik disimpan di gudang ekspedisinya",1 bulan lalu
k***a,"Maspion Vanda Melamin Mangkok Bakso 7,5 Inch ayam",bintang 5,"pengiriman cepat, packing aman dan rapih, kualitas bagus üëçüëç",1 bulan lalu
k***a,Maspion Vanda Melamin Piring Bulat Tembikar 9 Inchi,bintang 5,"pengiriman cepat, packing aman dan rapih, kualitas bagus üëçüëç",1 bulan lalu
T***a,Maspion Setrika HA - 110,bintang 4,lama2 ga terlalu panas ya,1 bulan lalu
Arief,Maspion Stand Fan 16 Inch F-1625 RC,bintang 5,mantap dan unik,1 bulan lalu
K***a,Maspion Tempat Sampah Mobil Plastik - Cario Dustbin,bintang 5,"Dapet yg warna biru, dulu dapet orange, oke dengan harganya kok, pas juga ukurannya di mobil.",1 bulan lalu
T***i,Maspion Rice Cooker MRC 1820 SS (1.8Liter),bintang 5,Alhamdulillah tiba dengan selamat dan sempurna tidak kurang suatu apapun...dan lgsg digunakan Alhamdulillah lancar semuanya...kurir juga mantap cepat murah dikelasnya.ter... ,1 bulan lalu
U***a,Maspion Setrika HA-365 Hijab Series,bintang 5,"Barang bagus ,original.cepat responnya.",1 bulan lalu
Shl,"MASPION EX-308 DESK FAN 12""",bintang 5,üëç,1 bulan lalu
Jessica,Maspion Stand Fan 16 Inch F-1625 RC,bintang 4,"Kepalanya ga bisa naik turun, katanya emang gitu dari pabrik, padahal saya lihat review yang lain bisa naik turun.",1 bulan lalu
Tazrie,Maspion Kotak Perkakas - Toolbox 2823,bintang 5,barang OK banget,1 bulan lalu
Agnes,Maspion Vanda melamin Mug 3.5 Inhc + tutup,bintang 5,"mug nya tebal, bagus, gambar lucu, ada tutupnya.
pengiriman super cepat.
thanksssss",1 bulan lalu
GURUH,Maspion Setrika HA - 380,bintang 5,"proses cepat. 
pengiriman cepat. 
kualitas barang baik. 
terimakasih seller.",1 bulan lalu
agung,Maspion Stand Fan 16 Inch F-1625 RC,bintang 5,mantap,1 bulan lalu
A***y,Maspion Vanda melamine Basi pegangan 5 Inch + Ttp Doraemon birthday,bintang 5,Material Produk Bagus Kualitas Produk Bagus Ukuran Produk Sesuai Produk Sesuai....luuucccuuuu..semua sesuai harapan mksh byk,1 bulan lalu
A***y,"Maspion Vanda melamin Mug 3,5 + Ttp Doraemon birthday",bintang 5,Material Produk Bagus Kualitas Produk Bagus Warna Produk Sesuai.....luuuccuuu,1 bulan lalu
A***y,Maspion Vanda Melamin Piring makan 8 Inch Doraemon birthday,bintang 5,"Material Produk Bagus Produk Original Kualitas Produk Bagus.....
luuuccuuuu",1 bulan lalu
Ari,Maspion Setrika HA - 110,bintang 5,barang ok,1 bulan lalu
P***t,MASPION MAGIC COM RICE COOKER MRJ 0623 BSSS (0.6L),bintang 4,"sdh 2x beli (satunya toko offline) 
catatan saya 2x beli tipe ini :
1. di sktr engkol tutup ada patahan kecil
2. sktr tutup samping lecet dalam
3. buka tutup tdk bs maksi... ",1 bulan lalu
Ditha,Maspion Magic Cooker MRJ-1808 Stainless Steel,bintang 1,"Barang yg di kirim penyok ( pas tulisan sni) , kemudian pas mau masak nasi saya klik yg putih didpn ngga nyala ternyata pas diamati itu gambarnya terbalik loh pantas ngga... ",1 bulan lalu
firdasanusi,Maspion Setrika HA-365 Hijab Series,bintang 5,"barang original, bobotnya ringan tapi cepat membuat kain rapi, worth the price",1 bulan lalu
Agung,Maspion Maslon Frypan Set Fancy 18/23 cm NonStick - Wajan Anti Lengket,bintang 5,oke,1 bulan lalu
h***i,Maspion Desk Fan 6 Inch HF-606,bintang 3,"barang yg di pesan dan yg dtg sdkit berbeda dng gambarnya, tp ya sudahlahh",1 bulan lalu
Wanda,Maspion Desk Fan 12 Inch EF-30 P2,bintang 5,barang original bagus....dari dulu suka merk maspion terimakasih yaaa,1 bulan lalu
Gangsar,MASPION MAGIC COM RICE COOKER MRJ-1003 (1L),bintang 5,"Sudah sampai sesuai pesanan, terimakasih",1 bulan lalu
D***y,Maspion Travel Cooker EX-3051 (1 Liter),bintang 5,Sesuai üëç,1 bulan lalu
s***h,Maspion Teko Rainbow Nasional 22cm - Whistling Kettle Aluminium,bintang 3,"desain bagus, ukuran cukup besar. terdapat cekungan tdk rata di bawah teko dan pada gagang ada bagian yg terkelupas.",1 bulan lalu
Donny,Maspion Wall Cabinet /Rak Kaca Kamar Mandi MC 04,bintang 5,semuanya OK cuma sayang dapat warna yang tidak disukai.note:kalau bisa penjual melayani pilihan warna kecuali stok kosong,1 bulan lalu
R***y,MASPION AUTOMATIC IRON SETRIKA HA-390,bintang 5,mntp,1 bulan lalu
L***g,Maspion Setrika HA 370,bintang 3,"bubble wrap tipis bgt cuma 1 lapis. Kardusnya sih penyok dikit, tapi kok di barangnya ada cacat kaya kepentok apa gatau. Kayanya emg barangnya yg cacat bukan kesalahan pa... ",1 bulan lalu
Rangga,Maspion Celing Exhaust Fan 8 Inch CEF-2008,bintang 5,"Admin ramah, sesuai pesanan",1 bulan lalu
Rangga,Maspion Gantungan Baju Plastik - Beauty (30 Stick),bintang 5,"Admin ramah, sesuai pesanan",1 bulan lalu
Rangga,Maspion Tempat Sendok Garpu - Cutlery Star Set,bintang 5,"Admin ramah, sesuai pesanan",1 bulan lalu
Leo,Maspion Automatic Setrika HA-30,bintang 1,Ada yang patah,1 bulan lalu
R***a,Maspion Wall Cabinet / Kotak Penyimpanan Kunci MC 12,bintang 5,Material Produk Bagus,1 bulan lalu
S***i,Maspion Setrika HA - 110,bintang 5,brg original,1 bulan lalu
m,Maspion Setrika EX-1010 Blackberry (Hitam),bintang 5,"pengiriman cepat sekali, istri senang sekali, barang oke sekali, sudah dicoba dan menyala panas sekali, ada kartu garansinya dan buku petunjuknya, bagus kardusnya, aman p... ",1 bulan lalu
Deby,Maspion Stand Fan Kipas Angin Berdiri 18 Inchi Power Fan PW-18X2,bintang 5,Desain elegan.. Gampang dirakit... Packaging aman üôè... Respon penjualnya top,1 bulan lalu
Diana,Maspion Wonder Jar MRJ-200 BS,bintang 4,Agak lengket,1 bulan lalu
sammy,Maspion Setrika EX-1010 Blackberry (Hitam),bintang 5,"good product, working properly. recommended seller!",1 bulan lalu
fuad,Maspion Dispenser Portable MD-15 PAS,bintang 5,"kualitas Bagus, semoga awet, trims",1 bulan lalu
Leonardi,Maspion Setrika EX-1010 Blackberry (Hitam),bintang 5,sudah ditest nyala n berfungsi.,1 bulan lalu
I***e,Maspion Mikado Dandang Alcor Anodize Tutup Kaca - Steamer Alumunium,bintang 4,"Agak penyok bagian bawahnya, padahal uda pakai bubble wrap :(",1 bulan lalu
Neneng,Maspion Desk Fan 7 Inch F-18 DA,bintang 5,barangnya bagus dan harganya terjangkau. cepat respon dan pengiriman barang juga cepat,1 bulan lalu
B***o,Maspion Rice Cooker MRC 1819PL (1.8L),bintang 5,Barang diterima keadaan baik sesuai diskripsi pengirinan cepat sampai dgn slamet terima kasih,1 bulan lalu
Zack,Maspion Cangkir RRT Hello Panda 10 cm - Gelas Mug Stainless Steel,bintang 1,"beli mug 2 buah dikasih yg penyok.
minta tukar baru malah pengembalian dana,
tanpa komunikasikan dl ke pihak pembeli. untung nya pihak tokped mengusut kejadian ini dan me... ",1 bulan lalu
Ade,Maspion Dispenser MD-106 PAS,bintang 5,"Pengiriman cepat. Barang diterima sesuai pesanan. Saat ini berfungsi baik. 
Thank you, seller",1 bulan lalu
m***c,"Maspion Desk 6"" Fan F-15 DA",bintang 3,"kecil, ga bisa muter",1 bulan lalu
Heppy,Maspion Dispenser Galon Bawah MD-105BL,bintang 5,Recommended seller üëç,1 bulan lalu
Rifat,Maspion Desk Fan 12 Inch EF-30 P2,bintang 5,Pas sesuai permintaan. Thanks.,1 bulan lalu
Nunung,Maspion Stand Fan 16 Inch F-1625 RC,bintang 5,"pemasangan mudah, kualitas baik.",1 bulan lalu
a***e,Maspion Setrika HA - 110,bintang 5,pengiriman cepat n berfungsi dengan baik..,1 bulan lalu
danang,Maspion Setrika EX-1010 Blackberry (Hitam),bintang 3,barang dus nya sobek untung lecet dikit doang,1 bulan lalu
m***r,Maspion Magic Cooker MRJ-1856 BSS,bintang 5,"Terima kasih Maspion, order sesuai pesanan, packing rapi & Amanüëçüëçüëç",1 bulan lalu
Agung,Maspion Setrika HA-365 Hijab Series,bintang 5,barang orii,2 bulan lalu
B***n,Maspion Stand Fan Kipas Angin Berdiri 18 Inchi Power Fan PW-18X2,bintang 5,Gampang dirakit Desain elegan Proses pesanan cepat Garansi terjamin Packaging aman üôè,2 bulan lalu
M***a,Maspion Stand Fan 16 Inch F-1625 RC,bintang 5,"Barang datang dengan lengkap. Mode swing bisa berputar 360. Ada remote kontrol utk memudahkan pengaturan. Angin standar. Rangka tampak kokoh. Sbg masukan, warna bisa dibu... ",2 bulan lalu
Diara,"Maspion Teko Jazzy 2,5 liter - Alumunium Anodize Whistle Kettle",bintang 5,"Belum dicoba untuk masak air sih, namun material bahan aman, tdk ada penyok2. semoga awet, aamiin",2 bulan lalu
rizqi,Maspion Setrika EX-1010 Blackberry (Hitam),bintang 2,"ini ada suara apa dah, ada yang copot kah?",2 bulan lalu
B***n,Maspion Vanda melamin Mangkok bakso 7 Inch,bintang 5,"Kualitas Produk Bagus, motifnya bagus. packing aman. Recommended üëç",2 bulan lalu
B***n,Maspion Vanda melamin Piring ceper 6.5 Inch,bintang 5,"Kualitas Produk Bagus, motifnya bagus. packing aman. Recommended üëç",2 bulan lalu
Zero,Maspion Setrika HA - 110,bintang 1,"Br saja buka paketnya, nampak dr luar buble bag seadanya saja, pas buka kardus sdh penyok pas liat gosokannya ada pecah pula, tp bukan karena delivery krn pecahannya tida... ",2 bulan lalu
Tri,Maspion Panda Wajan 20 cm - Wok Penggorengan Stainless Steel,bintang 4,Bagus barangnya,2 bulan lalu
Hasby,Maspion Panda Seroja Pourpan - Panci Tuang Stainless Steel,bintang 5,"material ok, barang diterima dengan selamat tanpa penyok karna packaging ok.",2 bulan lalu
Muhammad,Maspion Stand Fan 16 Inch F - 412 S,bintang 5,ok,2 bulan lalu
H***n,"Maspion Teko Jazzy 2,5 liter - Alumunium Anodize Whistle Kettle",bintang 5,üëç,2 bulan lalu
Puji,Maspion Panda Magic Roaster Marbel 33 cm - Pemanggang Enamel,bintang 5,Material Produk Bagus Produk Original Kualitas Produk Bagus Produk Sesuai,2 bulan lalu
e***o,Maspion Kipas Angin dinding Wall Fan 16 Inch MWF-1609 K,bintang 2,pengriman lma..dus sudah tidak bersegel,2 bulan lalu
F***a,Maspion Dispenser Portable MD-19 PAS,bintang 5,belum d coba bru di buka,2 bulan lalu
V***i,Maspion Stand Fan 16 Inch F-1621 S,bintang 5,Gampang dirakit Hemat listrik ‚ö° Garansi terjamin Desain elegan Udara jadi sejuk Penjualnya ramah banget Proses pesanan cepat Packaging aman üôè Packaging rapi Respon penju... ,2 bulan lalu
Dailydaily,Maspion Loyang Cetakan Kue Aluminium Round Pan 10 Anodize 2pc,bintang 4,"loyangnya bagus, bahan tebal. tapi sayang sekali 1 dari 4 loyang yg dibeli, bagian bawah loyang ada yang penyok (3 area yg penyok).",2 bulan lalu
Yudha,Maspion Teko Rainbow Nasional 22cm - Whistling Kettle Aluminium,bintang 5,"pengiriman cepat, warna keren, semoga awet",2 bulan lalu
ariessusantidian,Maspion Setrika HA-365 Hijab Series,bintang 5,"Produkny oke original , model nd warnapun bagus moga awet nd manfaat 
Trimakasih smua suksez terus",2 bulan lalu
Restu,MASPION AUTOMATIC IRON SETRIKA HA-390,bintang 3,"kardusnya ancur, strikanya juga ada bagian yang patah mungkin efek kebanting, tapi berfungsi strikanya, strikanya banyak yang lecet hadehhh",2 bulan lalu
usep,"Maspion Desk 6"" Fan F-15 DA",bintang 5,berfungsi dg baik,2 bulan lalu
aji,Maspion Kotak Perkakas - Toolbox Classy 13 Inch,bintang 5,mantap,2 bulan lalu
N***o,Maspion Stand Fan 16 Inch F - 412 S,bintang 5,Barang bagus,2 bulan lalu
Rifat,Maspion Desk Fan 12 Inch EF-30 P2,bintang 3,"Barang berfungsi dengan baik, kemasan sangat baik, Masalahnya warna produk tidak sesuai Foto, order foto ke satu Abu abu muda,  Yg datang abu abu tua dan hitam. Salah war... ",2 bulan lalu
O***P,Maspion Dispenser Portable MD-19 PAS,bintang 5,Produknya oke sesuai dengan deskripsiüëåüèª berfungsi baik dengan semestinyaüëçüèªüëçüèª,2 bulan lalu
R***y,Maspion Dispenser Standing MD-108 PAS (TE),bintang 2,"banyak baret""nya, dikasi barang display kayaknya",2 bulan lalu
Wendry,Maspion Setrika EX-1010 Blackberry (Hitam),bintang 3,"kirim lambat, kalo ga di cancel Mungkin ga Langsung kirim.  kardus Seperti bekas. padahal beli baru",2 bulan lalu
F***i,Maspion Cangkir RRT Hello Panda 10 cm - Gelas Mug Stainless Steel,bintang 5,"Barangnya OK, tapi lain kali mohon packingnya agak tebal ya. Agak miris juga Official store packing hanya 2 lapis bubblewrap. Barangnya untung saja aman.",2 bulan lalu
Windi,Maspion Stand Fan 16 Inch F - 412 S,bintang 5,"original, elegan, garansi resmi. Pemasangan mudah ga ribet. Good",2 bulan lalu
Yoan,Maspion Dispenser Portable MD-19 PAS,bintang 5,Barang bagus dan sudah dipakai berfungsi dengan baik,2 bulan lalu
Bagir,Maspion Dispenser Portable MD-19 PAS,bintang 5,"panas, normal dan air es berfungsi baik semua",2 bulan lalu
Frans,Maspion Turbine Fan 10 Inch TB-104,bintang 5,angin nya lebih terasa kencang dan terarah,2 bulan lalu
L***b,Maspion Kompor Induksi MIC-02,bintang 5,Barang berfungsi dengan baik dan sesuai dengan pesanan. Dayanya bisa diatur jadi pakai listrik rumah yang 900va tidak njeglek. Semoga awet,2 bulan lalu
DANANG,Maspion Sandwich Toaster MKT MT-206,bintang 5,"mantap sesuai deskripsi, barusan di coba oke hasilnya",2 bulan lalu
ali,Maspion Setrika HA - 380,bintang 1,"kardus sobek parah,  barang di bagian ujung pecah, pesan warna hitam di kasih ungu. mohon tokopedia dapat memperingatkan penjual yang seperti ini.  tidak recommended, mer... ",2 bulan lalu
Adhityo,Maspion Setrika HA - 110,bintang 5,barang bagus dan buat setrika rapi,2 bulan lalu
ummi,Maspion Panda Wajan 20 cm - Wok Penggorengan Stainless Steel,bintang 5,Material Produk Bagus Ukuran Produk Sesuai Kualitas Produk Bagus Produk Original,2 bulan lalu
Wida,Maspion Puro Puraipan 26cm - Wajan Tahan Karat,bintang 5,Material Produk Bagus Kualitas Produk Bagus Produk Original,2 bulan lalu
B***g,Maspion Setrika HA 370,bintang 3,"packing saja kurang ,tipis bubblewrapnya ,jadi sobek saat diterima paketnya mohon diperbaiki cara packing nya bubblewrapnya ditambah ok...selebihnya brg fungsi alhamdulil... ",2 bulan lalu
y***n,Maspion Panda Aster Stirfry Stainless Steel 26 cm + Tempura & Spatula,bintang 5,bagus... cepet juga sampe,2 bulan lalu
Yuneet,Maspion Setrika HA - 380,bintang 5,"pengiriman agak lambat,,packingan kurang rapi,,,dus rusak jadi strika nya ada lecet di ujung nya,,untuk barang di cek nyalanya cepet panas,,bagus...",2 bulan lalu
Heru,Maspion Signature Pan Dutch Oven 20 cm - Panci Casserole Enamel,bintang 5,"Seller ramah dan fast respon, barang diproses dihari yang sama, pengiriman cepat, produk bagus dan memuaskan sesuai deskripsi, recomended sellerüëç",2 bulan lalu
Heru,Maspion Mikado Rigoletto Summer Whistling Kettle - Teko Alumunium,bintang 5,"Seller ramah dan fast respon, barang diproses dihari yang sama, pengiriman cepat, produk bagus dan memuaskan sesuai deskripsi, recomended sellerüëç",2 bulan lalu
zaid,Maspion Stand Fan 16 Inch F - 412 S,bintang 5,ok,2 bulan lalu
L***y,Maspion Stand Fan 16 Inch F - 412 S,bintang 5,yey dapat warna putih ternyata terimakasih,2 bulan lalu
STEFEN,Maspion Magic Cooker MRJ-1856 BRS,bintang 5,Mudah2an Awet,2 bulan lalu
Hendri,Maspion Stand Fan 16 Inch F - 412 S,bintang 5,Barang bagus. Mudah sekali pemasangan nya üôè,2 bulan lalu
P***i,Maspion Dispenser Portable MD-19 PAS,bintang 5,"Design elegan, panas dingin berfungsi semua, so far so good.. cinta produk indonesia",2 bulan lalu
Ahmad,Maspion Power Fan 20 Inch PW-502 S,bintang 4,instruksi pemasangan tidak terlalu jelas,2 bulan lalu
Arif,Maspion Dispenser Portable MD-19 PAS,bintang 5,"impresi pertama agak kurang, packing datang dengan bubble tapi ternyata di dalam box sangat polos tanpa styrofoam di sudut, pas unboxing tutup backpanel menganga ü§¶‚Äç‚ôÇÔ∏è al... ",2 bulan lalu
Nesya,Maspion Vanda Melamin Mangkok Bulat Tembikar 6.5 Inchi,bintang 5,Baguss gede dan kaya di resto2 hehe,2 bulan lalu
Hance,MASPION MAGIC COM RICE COOKER MRJ 0623 BSSS (0.6L),bintang 5,"cocok utk yg memasak dlm jumlah sedikit, potnya stainless, ukuran kecil, praktis, multifungsi, oke banget",2 bulan lalu
Nurgiyanto,"Maspion Desk 6"" Fan F-15 DA",bintang 5,"kipasnya kecil tapi angin nya kenceng, kipasnya memang di desain tidak bisa swing kanan kiri",2 bulan lalu
rino,Maspion Magic Cooker MRJ-1856 BSS,bintang 5,"barang sudah sampai, barang dalam kondisi aman dan sudah dipakai. semoga awet rice cooker nya, terima kasih tolak angin",2 bulan lalu
Maradona,Maspion Vanda Melamin Piring makan 9 Inch Doraemon birthday,bintang 5,kualitas bagis Material Produk Bagus Ukuran Produk Sesuai,2 bulan lalu
Evi,Maspion panda honey bee mug 8 cm - Gelas cangkir enamel,bintang 5,"Bagus, keren mugnya",2 bulan lalu
A***i,Maspion lemari pendingin showcase USG-126,bintang 4,Bisa muat banyak Mutu terjamin SNI Barangnya original üëç Desainnya elegan ‚ú® Ada garansi resmi Penjualnya ramah banget Gampang dipakai Packaging aman üôè Hemat listrik ‚ö° Pa... ,2 bulan lalu
Johana,MASPION MAGIC COM RICE COOKER MRJ 0623 BSSS (0.6L),bintang 5,"barang sdh sampai aman & mulus lgsg ditest pakai masak, nasi matang sempurna. Buat anak yg lg ngekost spy lbh sehat dgn pot stainless",2 bulan lalu
Putri,Maspion Ceiling Fan MCF52-305PB,bintang 5,pngiriman cepatüëçüèª,2 bulan lalu
Cha,Maspion Setrika HA-365 Hijab Series,bintang 1,"warna gk sesuai dgn pesanan, bagus¬≤ gk w retur",2 bulan lalu
C***i,MASPION AUTOMATIC IRON SETRIKA HA-390,bintang 5,"Produk Original, ada garansi Resmi",2 bulan lalu
Z***l,MASPION MEK-1802 KS ELECTRIC KETTLE TEKO LISTRIK STAINLESS STEEL 1.8 L,bintang 5,"Kualitas barang sangat bagus..
üåüüåüüåüüåüüåü",2 bulan lalu
Agung,Maspion Desk Fan 12 Inch EF-30 P2,bintang 5,"terima kasih sesuai pesanan,semoga awet",2 bulan lalu
aly,Maspion Circulation Fan 14 Inch CEF-1406 RC,bintang 5,mantap,2 bulan lalu
Hardi,Maspion Desk Fan 12 Inch EF-30 P2,bintang 5,"Paket telah diterima dengan baik, Produk bagus, semoga awet. Mantap",2 bulan lalu
P***i,Maspion Panda Wajan 24 cm - Wok Penggorengan Stainless Steel,bintang 3,tidak tebal,3 bulan lalu
clara,"Maspion Teko Jazzy 2,5 liter - Alumunium Anodize Whistle Kettle",bintang 5,nice cepat sampai barang di terima di terima dengan baik. tq,3 bulan lalu
Desiany,Maspion Panda FIT A - Frypan 20 cm & Saucepan 16 cm Stainless Steel,bintang 3,kirain mulus ternyata goresannya banyak bgt. kayak kena paku. mau beli priduk yg lain juga ragu kl kualitas barang yg dikirim kyk gini.,3 bulan lalu
Desiany,Maspion Panda Aster Stirfry Stainless Steel 26 cm + Tempura & Spatula,bintang 3,ada baret¬≤ kayak bekas kegores benda setajam paku,3 bulan lalu
W***n,Maspion Box Fan 14 Inch JF-1403,bintang 5,berfungsi dengan baik. angin kencang. pengiriman cepat. mudah2an awet,3 bulan lalu
ENI,Maspion Electric Bottle Water Pump MPB-03,bintang 5,üëçüëçüëç,3 bulan lalu
T***a,Maspion Setrika EX1000,bintang 5,"barang ori, panas nya juga cepet keceee, terus dapet kartu garansi juga. mantap pokoknya",3 bulan lalu
Y***s,Maspion Dispenser Portable MD-15 PAS,bintang 5,Sipp..,3 bulan lalu
M***d,MASPION MAGIC COM RICE COOKER MRJ-1003 (1L),bintang 5,brand lokal kualitas mantap pol,3 bulan lalu
Adhi,Maspin Desk Fan 12 Inch EX-307,bintang 5,"Moga awet. Dulu pernah beli dan sampai sekarang awet. Walau beda model sih. But, anyway... thanks. üôèüèª",3 bulan lalu
Nyoman,Maspion Food Chopper MFC-120GL,bintang 4,"Material Produk Bagus, smoga awet",3 bulan lalu
N***r,Maspion Setrika EX1000,bintang 5,"Respon toko baik, barang cepet dikirim, kondisi barang baik. Bintang 5 buat barang dan tokonya.
Tapi ekspedisinya yang bintang 1. Dipick up hari Kamis, sampe hari Selasa... ",3 bulan lalu
C***a,Maspion Kompor Listrik S - 300,bintang 5,"seller responsif , ekpedisi cepat , packing ok , alat fungsi , kartu garansi dsertakn",3 bulan lalu
Dany,Maspion Box Fan 12 Inch JF-2111RC,bintang 5,mantabb,3 bulan lalu
Evi,Maspion Dutch Oven Doraemon 20 cm - Panci Stainless Steel + Tutup Kaca,bintang 5,Udah beli 3 pcs dengan ukuran yang berbeda. Sip lha,3 bulan lalu
S***a,Maspion Box Fan 12 Inch JF-2121S,bintang 5,"Barang original garansi resmi. Berfungsi sempurna.
Pengiriman cepat",3 bulan lalu
Ai,MASPION MAGIC COM RICE COOKER MRJ-1003 TSS (1L),bintang 5,Bagus‚Ä¶sampai dengan kondisi mulus‚Ä¶Terima kasih‚Ä¶,3 bulan lalu
indra,Maspion Power Fan 20 Inch PW-502 S,bintang 5,"Barang sudah sampai dan sudah di coba, semua oke dan tidak ada yg kurang.

MANTAF",3 bulan lalu
Y***o,Maspion Panda Panci set Enamel Tipe 155 Marbel dengan Tutup Kaca,bintang 5,"Admin responsif, pengepakan rapih dan pengiriman cepat.",3 bulan lalu
Ubeex,MASPION AUTOMATIC IRON SETRIKA HA-390,bintang 5,bagus,3 bulan lalu
P***I,Maspion Maslon Saucepan Ebonit Handle Tutup Kaca - Panci Anti Lengket,bintang 5,"Material Produk Bagus Kualitas Produk Bagus Ukuran Produk Sesuai
Thank You so much üëåüëçü§©",3 bulan lalu
k***a,Maspion Turbine Fan 10 Inch TB-104,bintang 4,agak kurang presisi kaki-kakinya,3 bulan lalu
w***a,Maspion Setrika HA 370,bintang 4,"bagus, langsung di coba dan langsung hangat, ke baju juga ga nempel.",3 bulan lalu
A***n,Maspin Desk Fan 12 Inch EX-307,bintang 5,Alhamdulillah bekerja baik sesuai deksripsi,3 bulan lalu
M***u,Maspion Dispenser Portable MD-19 PAS,bintang 5,"Modelnya keren, bagus",3 bulan lalu
C***a,Maspion Vanda Melamin Mangkok Soup 9 Inch Ayam,bintang 5,Warna Produk Sesuai Kualitas Produk Bagus,3 bulan lalu
C***a,Maspion Rak Sepatu Plastik Dua Sisi - Ziga Double Side 9,bintang 5,Produk Sesuai,3 bulan lalu
Rismala,Maspion penggorengan Fryer 18 Cm Gudetama Tutup Full Kaca - Aluminium,bintang 5,alhamdulillah,3 bulan lalu
Rismala,Maspion Oil Pot 1.5 Liter - Wadah Minyak,bintang 5,alhamdulillah,3 bulan lalu
Y***n,Maspion Setrika EX-1010 Blackberry (Hitam),bintang 5,barang diterima dengan baik Dan benar sudah dcek juga memang TOP,3 bulan lalu
Teguh,Maspion Stand Fan Kipas Angin Berdiri 16 Inch EX 174 S,bintang 5,Gampang dirakit Desain elegan Packaging aman üôè Packaging rapi,3 bulan lalu
Evi,Maspion Oil Pot 1.5 Liter - Wadah Minyak,bintang 5,"Sudah datang kondisi baik, alhamdulillah ndak penyok, yang ndak kuat beli di Maspion ini ongkirnya, mehong üòÅ",3 bulan lalu
Evi,Maspion Dutch Oven Bowl Doraemon Glass Cover - Panci Stainless Steel,bintang 5,"Pembelian kedua karena memang bagus banget pancinya, stainlessnya keren, meskipun agak penyok dikit

Cuma memang ongkirnya mahal sih üòÜüòÜ",3 bulan lalu
Agung,"Maspion Desk Fan 10"" PW-1001D",bintang 5,"Barang original Maspion, build quality mantap. Anginnya kenceng, adem bener. Semoga awet üëçüèª",3 bulan lalu
U***l,Maspion Panda Wajan 24 cm - Wok Penggorengan Stainless Steel,bintang 3,"sory gak rekomended, bahan tipis, saya gak percaya ini sus 304 dan 3 ply yg kata seller nya spt itu, baru pertama x pake pantat wajan udah menggelap padahal api super dup... ",3 bulan lalu
I***i,Maspion Teko Rainbow Nasional 22cm - Whistling Kettle Aluminium,bintang 5,"Pengiriman: OK üëç 
Packing: OK üëç 
Kondisi produk: OK üëç 
Terima kasih.",3 bulan lalu
B***i,Maspion Tower Fan 8 Inch TF-03 RC,bintang 5,"Barang dapat digunakan dengan baik, angin terasa",3 bulan lalu
Samuel,Maspion Wall Cabinet / Kotak obat MK 11,bintang 5,Rekomen üëçüèª,3 bulan lalu
Nyoman,Maspion Stand Fan 16 Inch F - 412 S,bintang 5,Barang sesuai diskripsi kwalitas ok,3 bulan lalu
Dian,Maspion Setrika HA - 110,bintang 5,kurang licin.,3 bulan lalu
Edy,Maspion Desk Fan 6 Inch HF-606,bintang 5,"kwalitas bagus,paking aman,pengiriman cepat",3 bulan lalu
pardomuan,MASPION MEK-1802 KS ELECTRIC KETTLE TEKO LISTRIK STAINLESS STEEL 1.8 L,bintang 5,sudah sampai tapi belum digunakan. mudah¬≤qn bagus dan tak ada masalah,3 bulan lalu
K***s,Maspion Multi Elektrik cooker MEC 2750,bintang 5,kalau rusak bisa di tukar. mantap,3 bulan lalu
K***s,"Maspion Toples Seal Pack Max Plus Kapasitas 1,8 Liter - Isi 3 pcs",bintang 5,barang bagus,3 bulan lalu
Juliana,Maspion Panci Potage Autumn Leaves 20 cm (DH) - Panci Aluminium,bintang 5,Kualitas Produk Bagus,3 bulan lalu
P***i,Maspion Dispenser Portable MD-19 PAS,bintang 3,"barang lumayaan bagus , cm gatau krn pengiriman atau dr sananya, ada bbrp bagian yg copot body sampingnya, d dlm dispenser ky ada yg copot jd bunyi klotok-klotok gitu,  s... ",3 bulan lalu
Oky,Maspion Travel Cooker EX-3051 (1 Liter),bintang 5,"Pengiriman cepat, barang sudah dicoba tidak ada kendala. Mudah2an awet.",3 bulan lalu
P***a,Maspion Frypan Capsul (NS) - Wajan Stainless Steel Anti Lengket,bintang 5,BAGUS BGT HUHU CRY,3 bulan lalu
Constantine,Maspion Mikado Areum Wok 20 cm - Wajan Alumunium,bintang 5,daebakkk!! kerenn wkwkwk,3 bulan lalu
Joko,Maspion Setrika EX1000,bintang 5,"Bloman dicoba, semoga ngga ada kendala.......cuma sangat disayangkan, kardus-nya sdh tdk dalam kondisi baik.....pdhl mau buat hadiah",3 bulan lalu
K***t,Maspion Oven Toaster (Tungku Pemanggang) MOT-1801S-Kapasitas 18 Liter,bintang 5,"desainnya cantik, pemasangan sangat mudah, easy to use. bangga produk lokal üëç",3 bulan lalu
MUHAMAD,MASPION MAGIC COM RICE COOKER MRJ-1003 TSS (1L),bintang 5,"kualitas bagus banget, tdk penyok smp rumah, di buble luat dalam...oke banget pelayanannya",3 bulan lalu
E***q,Maspion Colouris Saucepan 16 cm Glass Cover - Panci Stainless Steel,bintang 5,Murah,3 bulan lalu
E***q,Maspion Vanda Melamin lepek kecap 4 Inch Ayam,bintang 5,Saya buat tutuf gelas kofi... mweheheheh,3 bulan lalu
E***q,Maspion Vanda Melamin Tutup Gelas 3.5 inch Hello Kitty,bintang 5,Bisa buat nutuf...,3 bulan lalu
E***q,Maspion Panda FIT B - Frypan 20 cm & Dutch Oven 18 cm Stainless Steel,bintang 5,"Betul bisa untuk induksi, cuma memang tifiiis sangad frypan nya. Sezuai lah sama harga.",3 bulan lalu
Evi,Maspion Dutch Oven Bowl Doraemon Glass Cover - Panci Stainless Steel,bintang 5,"Keren banget bowlnya, luarnya enamel, bagian dalam stainless asli bukan kaleng2. Tutupnya kaca. Ya pantas mahal sih",3 bulan lalu
Evi,Maspion Mixing Bowl Honey Bee Set with cover - Tempat makan enamel,bintang 5,Bagus bowlnya,3 bulan lalu
P***a,Maspion Colouris Saucepan 16 cm Glass Cover - Panci Stainless Steel,bintang 2,Jujur tipis bgt kaya di teken dikit bisa penyok deh,3 bulan lalu
Christopher,Maspion Magic Cooker MRJ-1856 BSS,bintang 5,terbaik,3 bulan lalu
H***y,Maspion Dispenser MD-106 PAS,bintang 5,mmm,3 bulan lalu
S***a,"Kipas Angin MASPION Box Fan 10"" JF - 122",bintang 5,"barang bagus, harga diskon.
sayang kurir JNE kirimnya sangat lama utk kali ini, hampir 1 minggu Jakarta-Solo",3 bulan lalu
Evi,Maspion Casserole Belly Honey Bee 22 cm + Cover - Panci Gagang Enamel,bintang 5,"Alhamdulillah panci tiba dengan aman, tidak ada pecah atau penyok.

Pencinta bagus banget dan keren",3 bulan lalu
TJAN,Maspion Setrika HA - 110,bintang 5,"fast respon n fast delivery , packaging rapih, brg ori n bergaransi, blm pernah order produk brand dari maspion, semoga cocok n awet, makasihüôè",3 bulan lalu
Ngabehi,Maspion Ceiling Fan MCF52-305PB,bintang 5,Barang yang di irder sesuai dengan orderan‚Ä¶. Proses sangat cepat‚Ä¶.,3 bulan lalu
A***o,Maspion Stand Fan 16 Inch F - 412 S,bintang 4,"Pemrosesan cepat. order hari rabu malam (di luar jam kerja), diproses hari kamis, sabtu pagi sudah sampai. Padahal pakai jasa pengiriman yang paling murah. Produk juga ta... ",3 bulan lalu
S***e,MASPION MAGIC COM RICE COOKER MRJ 0623 BSSS (0.6L),bintang 5,blom dicoba sih,4 bulan lalu
Carry,Maspion Ceiling Fan MCF52-110 NS,bintang 4,Pengirimannya Agak lambat yaa.....  Mohon kedepannya di IMPROVE,4 bulan lalu
Maya,Maspion Box Fan 12 Inch JF-2121S,bintang 5,"toko bagus pengiriman cepat rapi. brg kurang bagus. kipas dan angin nya bagus. tapi kaki2 nya tidak stabil, bunyi2 dan goyang2. untuk ganti2 model tinggi pendek nya ribet... ",4 bulan lalu
Balai,Maspion Tempat Sampah Mini Cannie Dustbin,bintang 5,Sesuai pesanan üôè,4 bulan lalu
adi,MASPION POWER FAN PW ‚Äì 1809 W,bintang 4,okeh semoga waet,4 bulan lalu
m***a,Maspin Desk Fan 12 Inch EX-307,bintang 5,"terimakasih produk sampai dengan selamat, sesuai dengan yg di gmbr dan diskripsi",4 bulan lalu
Laura,Maspion Setrika EX-1010 Blackberry (Hitam),bintang 5,Berfungsi dengan baik. Terima kasih.,4 bulan lalu
Fifi,Maspion Panda Seroja Pourpan - Panci Tuang Stainless Steel,bintang 5,"lumayan lah, sesuai ama harga",4 bulan lalu
Dewi,Maspion Rice cooker Magic Com MRJ 1892 1.8 Liter New,bintang 5,Gampang dibersihkan,4 bulan lalu
Dewi,Maspion Mikado Nisuka Set - Alat masak Set Alumunium,bintang 5,Kualitas Produk Bagus,4 bulan lalu
Dewi,Maspion Kompor Gas 1 Tungku MKG 101 DGSF (DARK GREEN SUN FLAME),bintang 5,"barangnya bagus, tp blm saya coba.. tp buat yg mau beli ini recomended ya",4 bulan lalu
Subianto,Maspion Setrika EX-1010 Blackberry (Hitam),bintang 1,rusak ga bisa di pake. ga bs di complain jg untk refund.,4 bulan lalu
P***a,Maspion Ventilating Fan 160 MM MV-1601 EX,bintang 5,ntabbb,4 bulan lalu
i***u,Maspion Kipas Angin Meja - Desk Fan 10'' F-252,bintang 5,barang bagus. pemasangan mudah. sampai di tujuan dengan aman. kinerja kipas sangat baik.,4 bulan lalu
hadiyanto,Maspion Stand Fan EX-1611 SX (16 Inch),bintang 5,barang sesuai deskripsi tapi untuk pengiriman lama sampainya mohon ditingkatkan lagi pengirimannya,4 bulan lalu
TATA,Maspion Teko Rainbow Nasional 22cm - Whistling Kettle Aluminium,bintang 2,"barang dateng lama ongkos kirim pak sameday datang barang 5hari baru datang, pesan tgl 12 okt baru dateng tgl 17 okt maspion maspion maspion gak udah dagang online kalau... ",4 bulan lalu
Mukhlisin,Maspion Turbine Fan 10 Inch TB-104,bintang 5,good...,4 bulan lalu
N***o,Maspion Setrika HA - 340,bintang 1,"barang dilempar, banyak serpihan pecahan",4 bulan lalu
Karno,Maspion Cooling Fan CF-204,bintang 5,barang bagus dan cepat tiba,4 bulan lalu
Andi,Maspion Dish Dryer MDD-400,bintang 3,harus di perhatikan Quality kontrol nya. ada retak sedikit di tutup steril nya walaupun tdk pecah.,4 bulan lalu
Reratri,Maspion Kompor Listrik S - 300,bintang 3,"Kwalitas barang ok , pengiriman amat sangat TIDAK OK",4 bulan lalu
Reratri,"Maspion Teko Jazzy 2,5 liter - Alumunium Anodize Whistle Kettle",bintang 3,"Kualitas barang ok sih , pengiriman nya yang amat sangat TIDAK OK",4 bulan lalu
P***i,Maspion Setrika HA - 110,bintang 5,"barang original dapat garansi, berfungsi dengan baik dam semoga awet...mantap....",4 bulan lalu
Windi,Maspion Stand Fan 16 Inch F - 412 S,bintang 5,"berfungsi dengan baik, kondisi aman",4 bulan lalu
S***i,Maspion Box Fan 12 Inch JF-2121S,bintang 3,"awalnya bagian tengan tidak berputar. akhirnya Di bongkar semua. Ada missed assembly, baut ada yang kurang juga di bagian yang gesernya.. solusi Dari seller kirim balik,... ",4 bulan lalu
elfrida,Maspion Automatic Setrika HA-30,bintang 5,kualitas baik.,4 bulan lalu
D***o,Maspion Stand Fan 16 Inch F - 412 S,bintang 1,Sama juga iklan tidak sesuai dengan fakta dan kenyataan hanya berlindung dengan kata¬≤ random ini sekelas official store.!!!,4 bulan lalu
D***o,Maspion Desk Fan 12 Inch EF-30 P2,bintang 1,"Ini order yang ke 2.!!!
Order 1 di catatan hitam merah dikirim abu-abu hitam
Order 2 sudah jelas di CATATAN biru putih , sudah konfirmasi ke admin tapi lagi¬≤ sama dikirim... ",4 bulan lalu
Priyo,Maspion Setrika EX1000,bintang 5,barang diterima dengan kondiki baik,4 bulan lalu
Bayu,"Maspion Power Fan 18"" PW-451 ( 3 In 1 )",bintang 5,mantab,4 bulan lalu
Ariiqnaufal,MASPION MAGIC COM RICE COOKER MRJ 0623 BSSS (0.6L),bintang 3,dateng penyok tolong besok2 diliat lagi barangnya dibikin sop juga buat pengirimannya biar di ekspedisi ga penyok,4 bulan lalu
Fauzi,Maspion Stand Fan 16 Inch F - 412 S,bintang 2,"adjustor tiang tidak ada, karena tidak sempat video, pasti klaim tidak dianggap. jadi maaf bintang saja yg berbicara ya.",4 bulan lalu
Daniel,Maspion Mikado Rigoletto Summer Whistling Kettle - Teko Alumunium,bintang 5,Material Produk Bagus Kualitas Produk Bagus Produk Original,4 bulan lalu
Farisan,Maspion Dispenser Portable MD-19 PAS,bintang 5,"Barang diterima dalam keadaan baik. Berfungsi dengan baik. panas dan dingin nya menyala.

Build quality alakadarnya. kalau dilihat ada komen begini jg. tp ya sesuai sm ha... ",4 bulan lalu
Imam,MASPION MAGIC COM RICE COOKER MRJ-1003 (1L),bintang 3,lambretaaaa,4 bulan lalu
yosep,Maspion Automatic Setrika HA-30,bintang 5,mantap,4 bulan lalu
yosep,MASPION MAGIC COM RICE COOKER MRJ 0623 BSSS (0.6L),bintang 5,mantap,4 bulan lalu
M***e,Maspion Desk Fan 9 Inch F-23 D,bintang 5,"kecil kecil cabe rawit, thanks ya",4 bulan lalu
yudhi,Maspion Rice Com MRJ 109 SS (1.2 LITER),bintang 5,"Sesuai, bagus",4 bulan lalu
Hendra,Maspion Rice Cooker MRC 1819PL (1.8L),bintang 5,Pengiriman lambat karena weekend. Produk sesuai deskripsi. Berfungsi dengan baik. Recommended.,4 bulan lalu
S***a,Maspion Multi Elektrik Cooker 3510,bintang 4,Berfungsi dengan baik hanya saja butuh sabar karena lama panasnya,4 bulan lalu
S***o,Maspion Rice Com MRJ 109 SS (1.2 LITER),bintang 5,"Produk sesuai deskripsi. Kelengkapan juga ok. Browsing cara bersihkan dan cara masak biar awet, ternyata mudah juga. Paket diterima tepat waktu dan paket dalam kondisi ba... ",4 bulan lalu
oolalatiga,Maspion Tower Fan 7 Inch TF 7021 RC,bintang 5,Gampang dirakit Hemat listrik ‚ö° Penjualnya ramah banget Garansi terjamin,4 bulan lalu
O***m,Maspion Setrika EX1000,bintang 5,Bagus berfungsi baik,4 bulan lalu
Chyntia,MASPION MAGIC COM RICE COOKER MRJ 0623 BSSS (0.6L),bintang 5,"produk berfungsi dengan baik, proses pengirimannya juga cepat. Sayangnya utk lempengan besi bagian atas ditutup tidak bisa dibuka pasang, jd hanya bs dilap saja",4 bulan lalu
A***s,Maspion Dispenser Portable MD-15 PAS,bintang 1,"bocor netes, semaleman bisa setengah gelas lebih. ampe bongkar 2 X benerin ternyata klep biru nya ga rapet/msh ada celah, kasih lem plastik juga akhir nya.",4 bulan lalu
suyono,Maspion Setrika EX-1010 Blackberry (Hitam),bintang 5,"barang original, dapat garansinya juga",4 bulan lalu
A***n,Maspion Wall Cabinet / Kotak Obat MC 15,bintang 5,Material Produk Bagus,4 bulan lalu
W***i,"Maspion Stand Fan 16"" EX - 160 S ( Exclusive )",bintang 5,"barang ya bagus original, berfungsi dgn baik, smga awet... hanya pengiriman ya aja yg lama.",4 bulan lalu
H***n,MASPION MAGIC COM RICE COOKER MRJ 0623 BSSS (0.6L),bintang 5,Sayangnya bagian bawa mudah terlepas,4 bulan lalu
Toni,Maspion Stand Fan 16 Inch F - 412 S,bintang 5,ok semoga awet,5 bulan lalu
suparman,Maspion Rice Cooker MRC 0619PL (0.6L),bintang 3,pemakaian hampir 8 bulan. lapisan anti lengket sudah mulai terkelupas.,5 bulan lalu
E***d,MASPION MEK-1802 KS ELECTRIC KETTLE TEKO LISTRIK STAINLESS STEEL 1.8 L,bintang 5,"Meskipun kardus penyok karena ekspedisi, kettle tetap aman, didalam ada bubble wrap lagi. Berfungsi dgn baik",5 bulan lalu
Marcos,Maspion Wall Cabinet / Kotak Penyimpanan Kunci MC 12,bintang 5,Rekomen üëçüèª Material Produk Bagus Produk Sesuai,5 bulan lalu
Husnul,Maspion Blender MT-1213,bintang 5,begitu sampai langsung dipake dan hasilnya oke,5 bulan lalu
susi,Maspion Panda FIT A - Frypan 20 cm & Saucepan 16 cm Stainless Steel,bintang 1,bahan tipis seperti kaleng,5 bulan lalu
Abdul,Maspion Dispenser Portable MD-19 PAS,bintang 5,sipp..pengiriman super kilat,5 bulan lalu
Muhammad,Maspion Setrika EX-1010 Blackberry (Hitam),bintang 5,"Barang sesuai dan cepat
tapi tetap bingung fungsi plastik yang saya pegang buat apaan",5 bulan lalu
Bagus,Maspion Setrika EX-1010 Blackberry (Hitam),bintang 5,OKE BGT,5 bulan lalu
M***h,Maspion Multi Elektrik cooker MEC 1750,bintang 4,Barang oke cuma jne nya lelet kyk keong,5 bulan lalu
Syahlan,Maspion Stand Mixer MT - 1194,bintang 5,Gooooddd,5 bulan lalu
Z***l,Maspion Exhaust Fan MV-250 NEX,bintang 5,"mantap, terima kasih",5 bulan lalu
R***l,Maspion Panda Seroja Pourpan - Panci Tuang Stainless Steel,bintang 5,"produk OK (ukuran, bahan, desain, & kualitas). packing OK. pengiriman OK. seller OK. Mantap",5 bulan lalu
E***q,Maspion Tempat Sampah Mini Cannie Dustbin,bintang 4,Mid size sih ini. Terlalu besar buat meja.,5 bulan lalu
E***q,Maspion Kotak Perkakas - Toolbox Classy 13 Inch,bintang 3,"Build quality masih kurang halus, agak tajam di beberapa tepian.",5 bulan lalu
E***q,Maspion Entong 102 - Sendok Nasi Stainless Steel,bintang 5,Sesuai namanya... centong nasi.,5 bulan lalu
E***q,Maspion Econopack 6 pcs Dessert Spoon - Sendok Stainless Steel,bintang 4,Ekonomis. Build quality sesuai harga.,5 bulan lalu
D***o,Maspion Dispenser Portable MD-15 PAS,bintang 2,"pas paket dibuka tutup belakang masangnya gk pas, jd pengait tutup sebelah kiri patah semua... walaupun udah dibenerin murnya, sebelah kiri ttp gk bs klop nutup.",5 bulan lalu
Reni,Maspion Wall Cabinet / Kotak obat MK 11,bintang 5,Rekomen üëçüèª,5 bulan lalu
dody,Maspion Multi Elektrik Cooker 3510,bintang 5,"bhahaha... ditegor mas pino gegara kasih ‚≠êÔ∏è3 , okay deh takasih ‚≠êÔ∏è5 ben sueneng",5 bulan lalu
dody,Maspion Vanda melamine Piring ceper 10 Inch Ayam,bintang 5,produk sesuai deskrifsi,5 bulan lalu
dody,Maspion Vanda Melamin Mangkok Soup 9 Inch Ayam,bintang 5,produk sesuai deskrifsi,5 bulan lalu
dody,Maspion Vanda Melamin Mangkok Isit 6 Inch Ayam,bintang 5,produk sesuai deskrifsi,5 bulan lalu
dody,Maspion Cermin Kaca Bulat - Round Mirror Universal,bintang 5,produk sesuai deskrifsi,5 bulan lalu
dody,"Maspion Vanda Melamin Mangkok Bakso 7,5 Inch ayam",bintang 5,produk sesuai deskrifsi,5 bulan lalu
dody,"Maspion Vanda Melamin mangkok nasi 4,5 Inch Ayam",bintang 5,produk sesuai deskrifsi,5 bulan lalu
Aryo,Maspion Keranjang Serbaguna Small + Tutup - Trissa Basket Isi 3 pcs,bintang 5,mantap. plastik tebel dan bagus,5 bulan lalu
O***y,Maspion Dispenser Air Minum - Water Dispenser Montana 21 Liter,bintang 5,"kwalitas bagus, muat banyak, plastik kuat",5 bulan lalu
Karina,Maspion new prisma set - peralatan masak anti lengket,bintang 1,"Frypan tidak bisa untuk kompor induksi! Saat saya coba tempel magnet juga tidak bisa.
Tolong deskripsi produknya diubah, agar tidak terjadi hal serupa.
Sayang sekali jadi... ",5 bulan lalu
Alan,Maspion Dispenser Portable MD-19 PAS,bintang 5,terima kasih kaka admin,5 bulan lalu
Dewantoro,Maspion Setrika HA 370,bintang 5,"Barang original, dapet garansi. Mantap.",5 bulan lalu
Bambang,MASPION MAGIC COM RICE COOKER MRJ 0623 BSSS (0.6L),bintang 5,"Response penjual cepat.
Pengiriman cepat,
Kemasan rapi pake bubble wrap, dus kondisi bagus.
Barang ada penyok sedikit.
Belum dicoba, semoga berfungsi dengan baik.",5 bulan lalu
M***l,Maspion Dispenser Portable MD-19 PAS,bintang 5,"oke barangnya bagus gk kyk merk lain terlihst murah, ini yg maspion lebih rapih air cool nya enak bgt ....",5 bulan lalu
S***n,"Kipas Angin MASPION Box Fan 10"" JF - 122",bintang 1,Barang tidak sampai sama sekali ke pelanggan.,5 bulan lalu
P***a,Maspion Stand Fan 18 Inch F'-1801 ST,bintang 5,"Paket aman, cepat nyampe. Cuma butuh obeng kembang +15min aja buat dirakit. Angin lumayan kenceng padahal speed low. Motor ga berisik dan ga panas. Sistem jepit cover kip... ",5 bulan lalu
y***k,Maspion Wajan Enamel 30 cm Tilam - Penggorengan Enamel,bintang 4,"Wajannya bagus
Minusnya pinggirannya tajam jadi harus hati hati kalo ga bisa luka",5 bulan lalu
N***i,Maspion Rak Sepatu Plastik Susun 3,bintang 5,üëç,5 bulan lalu
N***i,Maspion Tempat RotI Tawar - Bread Case,bintang 5,üëç,5 bulan lalu
Taufiq,Maspion Turbine Fan 10 Inch TB-104,bintang 5,Cocok untuk buat air purifier DIY,5 bulan lalu
P***t,Maspion Dispenser Portable MD-15 PAS,bintang 5,"Bagus brgnya. Mendarat dg aman. Cuman body nya ada goresan2, tp all in oke. Brg jg berfungsi dg baik. 
Semoga aweet. Aamiin. Thnks seller",5 bulan lalu
yoga,Maspion Setrika HA 370,bintang 5,mudah2n awet,5 bulan lalu
r***n,MASPION MAGIC COM RICE COOKER MRJ 0623 BSSS (0.6L),bintang 5,"barang sih oke sesuai yg diiklankan. namun hati2 kalau mau pesan, krn orderan diproses sesuai jam kantor dan sabtu minggu tutup. saya pesan jumat sore, diproses senin. ta... ",5 bulan lalu
Sugiyanto,Maspion Automatic Setrika HA-30,bintang 3,untuk barang sih sudah tidak di ragukan cuma packing nya seperti asal2an tidak niat packing masih kalah sama packing anti gores yang harganya 20rb jadi rawan pecah dalam... ,5 bulan lalu
Eko,Maspion Rice Warmer MRJ-788,bintang 5,Barang sesuai pengiriman cepat,5 bulan lalu
Agus,Maspion Dispenser Portable MD-15 PAS,bintang 5,Ôøºüëç,5 bulan lalu
Wahyu,Maspion Setrika HA 370,bintang 5,"barang sesuai pesanan, berfungsi dengan baik",5 bulan lalu
A***n,Maspion Kompor Induksi MIC-02,bintang 5,bagus,5 bulan lalu
A***n,Maspion Electric Bottle Water Pump MPB-03,bintang 5,Barangnya original üëç Berfungsi dengan baik Garansi Resmi,5 bulan lalu
T***h,Maspion Dispenser Portable MD-19 PAS,bintang 4,Barang sudah diterima dalam kondisi baik.,5 bulan lalu
I***a,Maspion penggorengan Fryer 18 Cm Gudetama Tutup Full Kaca - Aluminium,bintang 5,"Pengiriman cepat, packing rapih dan aman pakai bubble wrap, produk bagus sesuai katalogue‚Ä¶..Terimakasih Maspion",5 bulan lalu
tubagus,Maspion Tatakan Setrika Plastik,bintang 5,Ok,5 bulan lalu
E***a,Maspion Exhaust Fan MV-200 NEX,bintang 5,Bubble wrap nya rusak tp barang aman koq. Smg awet,5 bulan lalu
Santoso,Maspion Dispenser Portable MD-10 PAS,bintang 5,"Alhamdulillah di test berfungsi utk model ok üëçcuma utk gelas/botol yg tinggi  kurang /agak sulit, semoga awet ajalahüëç",5 bulan lalu
jake,Maspion Dispenser Portable MD-15 PAS,bintang 1,pecah di samping belakang kaitannya. panel belakang geser bukan akibat pengiriman. pemasangan tidak rapi. mesti bongkar ulang sendiri.. males beli lagi di maspion. produk... ,5 bulan lalu
h***h,Maspion Setrika HA - 110,bintang 5,buble wrap nya kurang tebel utk barang elektronik,5 bulan lalu
Ari,Maspion Stand Fan 16 Inch F - 412 S,bintang 5,"pasangnya gampang, original, barangnya berfungsi dengan benar",5 bulan lalu
Benny,Maspion Stand Fan 16 Inch F - 412 S,bintang 5,Guuuud,5 bulan lalu
Leo,Maspion Stand Fan 16 Inch F - 412 S,bintang 5,"memang mantep kualitas maspion.. sebelumnya beli merk san*x, harga mirip tp build quality nya jauh beda",5 bulan lalu
Agus,Maspion Kipas dinding Wall Fan 9 Inch MWF-232,bintang 5,anginnya kenceng imut kaya marmut pas buat anak kos. .,5 bulan lalu
mohammad,Maspion Setrika EX-1010 Blackberry (Hitam),bintang 5,"barangnya cukup kecil, tapi pas untuk saya. panas cukup cepat. kualitasnya cukup ok.",5 bulan lalu
F***y,Maspion Frypan Capsul (NS) - Wajan Stainless Steel Anti Lengket,bintang 5,"Material Produk Bagus Ukuran Produk Sesuai Produk Original Kualitas Produk Bagus
packing aman, krn saya note minta di bubble & lapis kardus.",5 bulan lalu
F***y,Maspion Colouris Skyline Saucepan Stainless Steel 16 cm + Tutup Kaca,bintang 5,"Material Produk Bagus Kualitas Produk Bagus Produk Original
packing aman dalam kardus bawaannya.
dgn harga segini, bagus lah kualitasnya",5 bulan lalu
F***y,Maspion Frypan Wok Capsul 26 cm - Wajan Stainless Steel Anti Lengket,bintang 5,"Material Produk Bagus Produk Original Ukuran Produk Sesuai.
packing aman, krn saya note minta di bubble & lapis kardus.",5 bulan lalu
H***n,Maspion Dispenser Portable MD-19 PAS,bintang 1,"JANGAN PERRNAH PENGIRIMAN PAKAI J&T, DARI JAKUT KE JAKBAR 8 HARI!! INI PUN BARU DATANG KETIKA DI KOMPLAIN, KALAU TIDAK DI KOMPLAIN TIDAK DIANTAR!",5 bulan lalu
Ike,Maspion Setrika HA - 380,bintang 5,"Baru aku coba setelah sebulan beli, licin buat setrika, padahal pakai suhu rendah dan bahannya katun, cepat halus. Recommended produk. Pengiriman aman dan produk diterima... ",5 bulan lalu
Prem,Maspion Stand Fan 16 Inch F - 412 S,bintang 5,kipasnya kenceng banget! ampe tornado dalam rumah!!!,5 bulan lalu
YANG,Maspion lemari pendingin showcase USG-126,bintang 3,ini sepertinya bekas. sangat kecewa,5 bulan lalu
I***i,Maspion Tower Fan TF-04 S,bintang 5,"Pengiriman: OK üëç 
Packing: OK üëç 
Kondisi produk: OK üëç 
Terima kasih.",5 bulan lalu
Lisma,Maspion Panda Wajan 20 cm - Wok Penggorengan Stainless Steel,bintang 5,"bagus bgt, tebal, cocok bgt buat camping...",5 bulan lalu
Mustaqimah,Maspion Dispenser Portable MD-15 PAS,bintang 5,"Kondisi barang bagus. Semua aman. Air hot water sdh bs keluar. Kmrn salah pengoperasian, jd air ga keluar hehehe...maaf ya",5 bulan lalu
T***i,Maspion Turbine Fan 10 Inch TB-104,bintang 5,Barang berfungsi baik. Packing cukup aman.,5 bulan lalu
J***o,Maspion Power Fan 20 Inch PW-2001 RC,bintang 5,"Kipas datang dg selamat, packing safe banget. Sesuai sebagai Official store.",5 bulan lalu
P***a,Maspion Setrika EX-1010 Blackberry (Hitam),bintang 3,"padahal official store, masa cuma dibungkus bubble wrap selapis. apa krn harga barangnya murah ?",5 bulan lalu
Hafid,Maspion Wall Cabinet / Kotak Penyimpanan Kunci MC 12,bintang 5,Rekomen üëçüèª,5 bulan lalu
heni,Maspion Setrika EX-1010 Blackberry (Hitam),bintang 5,"barang berfungsi dengan normal,terima kasih tokonya sudah amanah",5 bulan lalu
Daniel,Maspion Mixer MT-1170,bintang 5,Barang sesuai dan packing bagus,5 bulan lalu
Daniel,Maspion Setrika HA-365 Hijab Series,bintang 5,Barang sesuai dan packing bagus,5 bulan lalu
Daniel,MASPION MEK-1802 KS ELECTRIC KETTLE TEKO LISTRIK STAINLESS STEEL 1.8 L,bintang 5,Barang sesuai dan packing bagus,5 bulan lalu
Khodijah,"Maspion Desk Fan 9"" F-23 DE",bintang 5,"maspion mmg okkee banget.
barang dtg dg slmt...
berfungsi dgn baik.",5 bulan lalu
A***f,Maspion Travel Cooker EX-3051 (1 Liter),bintang 5,berfungsi dengan baik,5 bulan lalu
B***t,"Maspion Stand Fan 16"" EX-172 S (Exclusive)",bintang 4,"Sesuai deskripsi, packing baik, tapi kayaknya ini produk refurbished. Lecet lumayan banyak di bagian stand bawahnya serta di badan tengah kipasnya. Tapi bagian blade, mot... ",6 bulan lalu
Adrian,Maspion Stand Fan 18 Inch F'-1801 ST,bintang 5,"Delivery times.. Manstab.. 
Service.. Manstab.. 
Package.. Manstab.. 
Quality.. We'll see..",6 bulan lalu
A***n,Maspion UCHIDA Dispenser EX-18 PAS (Putih-Biru),bintang 5,mantab alhamduliLlah bs sering2 ngeteh di meja kerja,6 bulan lalu
nisa,MASPION MAGIC COM RICE COOKER MRJ 0623 BSSS (0.6L),bintang 4,"Pengemasan baik. Hanya sayangnya tombol ""masak-hangat"" nya di pemakaian kedua langsung rusak, tp msi berfungsi.",6 bulan lalu
TUALANG,Maspion Dispenser Portable MD-15 PAS,bintang 4,tombol air panasnya macet..,6 bulan lalu
willa,Maspion Magic Cooker MRJ-1808 Stainless Steel,bintang 4,gatau salahnya dmna tp nasinya klo dibessokkan basi,6 bulan lalu
S***a,"Maspion Box Fan 12"" EX - 2109 T ( EXCLUSIVE )",bintang 5,barang ori bergaransi & fungsi dgn baik ya,6 bulan lalu
R***o,MASPION MAGIC COM RICE COOKER MRJ-1003 (1L),bintang 5,Terima kasih,6 bulan lalu
Adinovi,Maspion Dispenser Portable MD-15 PAS,bintang 5,"Packing aman, barang sesuai deskripsi. Mantap",6 bulan lalu
U***n,Maspion Multi Elektrik cooker MEC 1750,bintang 5,"Barang sdh diterima, belum di coba, yakin aja dengan merk Maspion , sudah order ke 2 semoga awet",6 bulan lalu
anistiyan,Maspion Stand Fan 16 Inch F-1625 RC,bintang 5,barang bagus dan pengiriman cepat,6 bulan lalu
N***a,Maspion Setrika EX-1010 Blackberry (Hitam),bintang 5,"barang original, dapat garansi juga, barang berfungsi dengan baik üëç",6 bulan lalu
Sanny,Maspion Setrika EX-1010 Blackberry (Hitam),bintang 5,"Barang original, sdh dicoba dan berfungsi dng baik.
Pengiriman cepat",6 bulan lalu
Cahya,MASPION AUTOMATIC IRON SETRIKA HA-390,bintang 5,"Semoga awet, tapi dus ada yg rusak sisi nya. JnT nya jorok",6 bulan lalu
ginanjar,Maspion Stand Fan 16 Inch F - 412 S,bintang 5,mantap bangwt,6 bulan lalu
edi,Maspion Setrika EX-1010 Blackberry (Hitam),bintang 5,keren,6 bulan lalu
H***m,Maspion Cup gudetama - Cangkir gelas Aluminium,bintang 5,Material Produk Bagus Kualitas Produk Bagus Ukuran Produk Sesuai Warna Produk Sesuai,6 bulan lalu
JEFFRY,"Maspion Stand Fan 16"" EX-172 S (Exclusive)",bintang 5,"Barangnya Original, Bergaransi, Packing Rapi dan Aman tiba dg selamat. Pengiriman juga cepat.",6 bulan lalu
Yohanes,Maspion Setrika HA 370,bintang 5,"Barang sesuai harapan, 
recomendedüëç",6 bulan lalu
vani,Maspion Dispenser Portable MD-15 PAS,bintang 5,sudah diterima dengan baik,6 bulan lalu
ucok,Maspion Stockpot Enamel ECO Ceria 26 cm dengan Tutup Kaca dan Steamer,bintang 5,"Material Produk Bagus
amaaan",6 bulan lalu
Yulita,Maspion Dusbin Pedal - Tempat Sampah Stainless Steel,bintang 3,"Penyok parah, tidak bisa susah bukanya , packing hanya pakai plastik tanpa bublewrap",6 bulan lalu
l***y,Maspion Keranjang Pakaian Hana Basket,bintang 5,"barang bagus,suka",6 bulan lalu
a***s,"MASPION DESK FAN F-20P 8""",bintang 5,good,6 bulan lalu
Asa,Maspion Setrika EX-1010 Blackberry (Hitam),bintang 5,barang berfungsi dengan baik,6 bulan lalu
Agatha,Maspion Panda Asoka Milkpan 14 cm - Panci Susu Stainless Steel,bintang 5,"Packaging aman, cepat sampai, happy customer üëç  Material Produk Bagus Produk Original Kualitas Produk Bagus Ukuran Produk Sesuai",6 bulan lalu
Catur,Maspion Desk Fan 12 Inch EF-30 P2,bintang 5,barang sesuai dengan harapan dan kebutuhan,6 bulan lalu
S***h,Maspion Setrika EX-1010 Blackberry (Hitam),bintang 5,Barang sudah sampai,6 bulan lalu
Imanuel,Maspion Multi Elektrik Cooker 3510,bintang 5,sesuai pesanan üôèüôè,6 bulan lalu
J***o,Maspion Desk Fan 12 Inch EF-30 P2,bintang 5,original sesuai deskripsi,6 bulan lalu
D***i,MASPION MAGIC COM RICE COOKER MRJ-1003 (1L),bintang 5,alhamdulillah pas sesuai pesanan,6 bulan lalu
mario,Maspion Rice Com MRJ-0622 RDJM,bintang 1,"adminya slow respon barangnya penyok tidak ada respon ,klo soal kualitas MASPION tidak diragukan lg",6 bulan lalu
H***i,Maspion Stockpot Enamel ECO Ceria 26 cm dengan Tutup Kaca dan Steamer,bintang 5,mantappppp,6 bulan lalu
Agat,Maspion Stand Fan 16 Inch F - 412 S,bintang 5,"barang sesuai, berfungsi dgn baik. mudah2an awet",6 bulan lalu
B***y,Maspion Dispenser Portable MD-15 PAS,bintang 5,mantaps mantaps,6 bulan lalu
Andika,Maspion Beta Organiser Case - Tempat Alat Tulis Kantor,bintang 5,"barangnya bagus, sesuai dengan deskripsi dan peruntukan..",6 bulan lalu
samsul,"Maspion Power Fan 18"" PW- 450 D",bintang 5,Kualitas produk bagus Produk Sesuai Deskripsi Packaging Rapi & Aman,6 bulan lalu
Indra,Maspion Dusbin Pedal - Tempat Sampah Stainless Steel,bintang 2,"mungkin sesuai harga, tapi harapan saya tidak penyok-penyok seperti ini.",6 bulan lalu
Indra,Maspion Dispenser Portable MD-19 PAS,bintang 4,sedikit defect pada permukaan plastik kanan atas,6 bulan lalu
Donald,Maspion Setrika HA - 110,bintang 5,sesuai pesanan üëç,6 bulan lalu
han,Maspion panda signature mug ombre 8 cm - Cangkir gelas enamel,bintang 5,Material Produk Bagus Kualitas Produk Bagus Warna Produk Sesuai Ukuran Produk Sesuai,6 bulan lalu
han,Maspion econopack 6 pcs dessert fork - Garpu stainless steel,bintang 5,Material Produk Bagus Kualitas Produk Bagus Ukuran Produk Sesuai Produk Sesuai,6 bulan lalu
han,Maspion Wajan 40 cm with Tempura Rack - Penggorengan Stainless Steel,bintang 5,Material Produk Bagus Kualitas Produk Bagus Produk Original Ukuran Produk Sesuai.,6 bulan lalu
han,Maspion Box Fan 12 Inch JF-2101 T,bintang 5,"barang original ukuran sesuai, kaget awal nya ga nyala nunggu berapa detik baru nyala, semoga awet",6 bulan lalu
han,Maspion new prisma set - peralatan masak anti lengket,bintang 5,Produk Original Ukuran Produk Sesuai Kualitas Produk Bagus Material Produk Bagus,6 bulan lalu
han,Maspion Wajan Princess set 30cm + frypan 22cm - Free Spatula,bintang 4,Material Produk Bagus Kualitas Produk Bagus sayang spatula nya pelastik,6 bulan lalu
han,Maspion Econopack 6 pcs Dessert Spoon - Sendok Stainless Steel,bintang 5,Material Produk Bagus Kualitas Produk Bagus Ukuran Produk Sesuai,6 bulan lalu
agus,Maspion Setrika HA - 110,bintang 5,mantap,6 bulan lalu
Nina,Maspion Penggorengan Wonder Wok 36 Cm - Penggorengan Besi Antilengket,bintang 5,murah,6 bulan lalu
WayBP,Maspion Dispenser Portable MD-19 PAS,bintang 5,"Mantab barangy bagus sesuai dengan pesanan, trims kk üëçüèª",6 bulan lalu
s***i,Maspion Wall Cabinet / Kotak Obat MC 11,bintang 5,produk berkualitas,6 bulan lalu
William,Maspion Multi Elektrik cooker MEC 1750,bintang 5,berfungsi baikkk,6 bulan lalu
A***i,Maspion Stand Fan 16 Inch F - 412 S,bintang 5,barang mantap. kirimnya cepet. anginnya kenceng. semoga awet,6 bulan lalu
zuhriyadi,Maspion Hand Sprayer 8 Liter,bintang 5,"produk original...
harga murah....

thanks seller",6 bulan lalu
R***y,Maspion Ventilating Fan 140 MM + Fitting lamp MV-1401 L,bintang 5,Sesuai,6 bulan lalu
A***l,Maspion Setrika HA - 110,bintang 5,cepat panas,6 bulan lalu
Saeful,MASPION MAGIC COM RICE COOKER MRJ 0623 BSSS (0.6L),bintang 5,Bagus. Sesuai deskripsi. Pengiriman aman. Packing super safety. Rekomen bgt buat km anak kosan yg butuh barang bagus tp terjangkau. Mudah2an awet.,6 bulan lalu
Rina,Maspion Box Fan 14 Inch JF-1403,bintang 5,"Lumayan besar, beli yg ke 3 buat hadiah sodara pindahan rumah",6 bulan lalu
IzchaKhu,Maspion Toples Seal Pack Max Plus Kapasitas 600ml,bintang 5,"Bagus bahan y, dgn hrga murah meriah ini sich keren bngt.. sy pakai cocok y buat bawa sepotong ikan mas, krn klw 1 ekor engga muat. lebih cocok buat porsi 2 telor balado.... ",6 bulan lalu
Indria,Maspion Setrika EX-1010 Blackberry (Hitam),bintang 5,Barang sampai dengan selamat. lumayan kecil utk ukuran seterika dan panasnya menurut saya kurang padahal sudah disetting panas paling maximal. ada harga ada kualitas. heh... ,6 bulan lalu
D,Maspion Multi Elektrik Cooker 3510,bintang 5,berfungsi dengan baik,6 bulan lalu
D,Maspion Setrika HA - 110,bintang 5,berfungsi dengan baik,6 bulan lalu
P***a,MASPION MAGIC COM RICE COOKER MRJ 0623 BSSS (0.6L),bintang 5,barang bagus,6 bulan lalu
Andri,Maspion Setrika EX1000,bintang 4,"Produk berfungsi, tapi bagian penyangga belakang patah. Mungkin karena kemasan tidak aman atau kurir nya main lempar ke teras rumah.",7 bulan lalu
M***o,Maspion Hand Mixer MT - 1150,bintang 5,Pelayanannya ok dan packingnya rapih sehingga aman.,7 bulan lalu
Riyanto,Maspion Exhaust Fan MV-250 NEX,bintang 5,"Packing rapi
pengiriman cepat
semoga awet",7 bulan lalu
R***o,"Maspion Ceiling Exhaust Fan 10"" CEF - 25",bintang 5,"Packing rapi
pengiriman cepat
semoga barangnya awet",7 bulan lalu
Arko,Maspion Dispenser Portable MD-19 PAS,bintang 5,"Thanks barang sudah datang...
Review seller: Seller ramah, responsif dan informatif saat diskusi.
Review proses: Proses cepat dan pengiriman sesuai pilihan ekspedisi.
Rev... ",7 bulan lalu
p***a,Maspion Multi Elektrik cooker MEC 2750,bintang 5,"berfungsi dengan baik, semoga awet",7 bulan lalu
I***m,Maspion Stand Fan 16 Inch F - 412 S,bintang 5,"Barang aman, packaging standar (bubble wrapnya sedikit), pengirimannya lama sampe 4 harian padahal sama2 di jkt, kekuatan kipas ga diragukan buatan maspion, thanks seller",7 bulan lalu
Mamat,Maspion Panci Raiya 20Dh - Panci Alumunium,bintang 5,sepertinya bakal awet krn aluminium nya tebal dan kokoh.  Material Produk Bagus Ukuran Produk Sesuai,7 bulan lalu
Lisdyanto,Maspion Dispenser Portable MD-15 PAS,bintang 5,Bagus banget keren kokoh,7 bulan lalu
vine,Maspion Tatakan Tabung Gas Elpiji Serbaguna Plus Tali,bintang 5,"Barang baik, harga terjangkau, pengiriman cepat, tiba sesuai estimasi, packing aman",7 bulan lalu
M***o,Maspion Hand Mixer MT - 1150,bintang 5,Pelayanannya ok dan packingnya rapih sehingga aman.,7 bulan lalu
Riyanto,Maspion Exhaust Fan MV-250 NEX,bintang 5,"Packing rapi
pengiriman cepat
semoga awet",7 bulan lalu
R***o,"Maspion Ceiling Exhaust Fan 10"" CEF - 25",bintang 5,"Packing rapi
pengiriman cepat
semoga barangnya awet",7 bulan lalu
Arko,Maspion Dispenser Portable MD-19 PAS,bintang 5,"Thanks barang sudah datang...
Review seller: Seller ramah, responsif dan informatif saat diskusi.
Review proses: Proses cepat dan pengiriman sesuai pilihan ekspedisi.
Rev... ",7 bulan lalu
p***a,Maspion Multi Elektrik cooker MEC 2750,bintang 5,"berfungsi dengan baik, semoga awet",7 bulan lalu
I***m,Maspion Stand Fan 16 Inch F - 412 S,bintang 5,"Barang aman, packaging standar (bubble wrapnya sedikit), pengirimannya lama sampe 4 harian padahal sama2 di jkt, kekuatan kipas ga diragukan buatan maspion, thanks seller",7 bulan lalu
Mamat,Maspion Panci Raiya 20Dh - Panci Alumunium,bintang 5,sepertinya bakal awet krn aluminium nya tebal dan kokoh.  Material Produk Bagus Ukuran Produk Sesuai,7 bulan lalu
Lisdyanto,Maspion Dispenser Portable MD-15 PAS,bintang 5,Bagus banget keren kokoh,7 bulan lalu
vine,Maspion Tatakan Tabung Gas Elpiji Serbaguna Plus Tali,bintang 5,"Barang baik, harga terjangkau, pengiriman cepat, tiba sesuai estimasi, packing aman",7 bulan lalu
